,feature,mean,q.05,q.95,type
0,x1,0.17786722869244878,0.16139915987907102,0.18914474942622034,pfi
1,x2,0.18352517246098315,0.16620188704017927,0.19857655841043162,pfi
2,x3,1.930800635457126,1.65400451600429,2.1975213397376887,pfi
3,x4,4.203638187999566e-05,-1.7956791774069447e-05,8.875805244968303e-05,pfi
4,x1,3.3205106877366024e-06,-5.537168159669946e-05,5.76423152428944e-05,cfi
5,x2,2.223516758069477e-06,-3.150036781020271e-05,7.074870576363051e-05,cfi
6,x3,1.9618745692021708,1.6942947368178856,2.2215627165522847,cfi
7,x4,4.3973781844177345e-05,-1.618322974984536e-05,8.465103053877446e-05,cfi
